{"Antonio Guzman": [2.198571321743517e-13, 0.9999992847442627, 2.2996257675877985e-10, 6.022126428171376e-14, 9.997274277633228e-18, 5.854763559815651e-14, 1.4774063809550774e-16, 1.3353590455622566e-09, 3.4311225735605966e-13, 1.2232521640338575e-18, 7.319020944862586e-10, 7.533797088399297e-07, 1.2310709357456017e-16, 1.8115033128054958e-12, 2.199955995152436e-09, 9.121482981129192e-21], "Byron Ford": [1.2925308357613734e-17, 8.388897677140221e-19, 1.0, 3.670842270053125e-18, 2.6463104254153583e-17, 1.555549592801816e-24, 7.842373759559724e-19, 3.066195908285607e-11, 5.166668669165819e-28, 1.1532177082050857e-21, 2.5982840878846503e-11, 1.4901764266994633e-09, 1.5582019326766757e-27, 7.423161630109919e-21, 4.1566189287894767e-22, 7.66172423462062e-20], "Carolina": [1.7203198575438472e-24, 3.3237597868912836e-28, 2.3661599972894524e-20, 1.0, 1.1985474910792171e-15, 1.031526887561654e-15, 2.6419202677118096e-19, 2.645019990572551e-16, 4.622213207760147e-20, 2.0741831792452987e-17, 7.095008693531096e-17, 3.135328062231364e-24, 1.3677433496515844e-18, 3.706632221176748e-22, 4.4649545410864524e-20, 7.613750667261054e-13], "Cynthia": [3.769091289074211e-11, 7.060782973095507e-29, 2.6887663970298625e-11, 2.3799878812392128e-16, 1.0, 4.69296817716122e-17, 1.5537664064440085e-14, 3.169613699888945e-16, 1.4220299502681977e-22, 8.622413179431329e-16, 4.3994840458411524e-15, 5.241902911734542e-08, 8.938100512838524e-22, 4.685426444614796e-14, 1.2040688488761147e-16, 1.65488507923422e-21], "Danilo": [1.5269227464993936e-14, 1.3440031242684372e-26, 6.035915216308363e-19, 9.131160014035338e-15, 6.915826395713145e-20, 1.0, 2.2045564887418795e-32, 5.049327299458178e-15, 2.0124891607787437e-13, 3.335879375141821e-27, 2.866730070422976e-17, 1.056001771907014e-21, 4.246105353502703e-24, 2.11953029046484e-29, 2.157783224736793e-22, 0.0], "David": [1.4038738151148232e-26, 3.475226475818219e-21, 7.059449687922544e-18, 4.232733530070483e-23, 3.4038787133190357e-28, 3.980502957190516e-16, 1.0, 3.9925623240792533e-16, 1.3233313815071253e-28, 2.01066076392913e-15, 1.6778338967039253e-19, 1.8303975017304054e-17, 4.649247291752873e-22, 1.1985270044355763e-26, 2.2913191488316525e-16, 4.4685773816382363e-23], "Diana": [5.66965018431397e-15, 5.628696889085499e-18, 2.835739929719436e-21, 1.2068071120895388e-22, 5.789227727166088e-20, 2.737473811297236e-22, 1.9431223801215716e-15, 0.0001135078928200528, 4.315453277594857e-20, 6.540013756245466e-13, 0.9998865127563477, 9.514380602815287e-12, 1.3028388892827833e-24, 4.616544559826741e-12, 4.765723551041842e-20, 5.1073661425878305e-17], "Edison": [4.907231818357539e-22, 1.4235506762098893e-13, 7.521237525474032e-15, 6.24298857510204e-15, 7.927529418682644e-18, 6.172607019327904e-16, 5.24664277748812e-16, 1.734096473072492e-17, 1.232270911021349e-22, 1.0259698530224681e-23, 1.3493210034342628e-17, 1.5331269461932928e-18, 2.4514562861637943e-16, 1.0218945860497945e-18, 1.0, 9.076881467123818e-22], "Emilia": [1.9026219488793572e-10, 4.034149316683999e-13, 4.2289046333957004e-17, 5.60109049053026e-15, 1.8760077774854363e-16, 9.28310488375328e-13, 2.0224533683790413e-15, 0.0003393282531760633, 0.9996490478515625, 1.4665083369891363e-07, 7.885081686254125e-06, 3.5656751151691424e-06, 4.454253538146401e-20, 7.419960506476267e-14, 2.5485924134982518e-11, 1.0599720457341189e-23], "Emilia_19_rostro": [1.9026219488793572e-10, 4.034149316683999e-13, 4.2289046333957004e-17, 5.60109049053026e-15, 1.8760077774854363e-16, 9.28310488375328e-13, 2.0224533683790413e-15, 0.0003393282531760633, 0.9996490478515625, 1.4665083369891363e-07, 7.885081686254125e-06, 3.5656751151691424e-06, 4.454253538146401e-20, 7.419960506476267e-14, 2.5485924134982518e-11, 1.0599720457341189e-23], "Linda Chavez": [6.641717026574487e-17, 1.6642114723845656e-27, 4.425033206303123e-23, 7.188807584960164e-25, 6.173314948607343e-23, 1.908805293480991e-21, 7.620141989304671e-17, 3.1434110956546357e-13, 3.459086150821918e-16, 1.0, 5.241204402450274e-15, 3.0712297288681967e-11, 7.153925641306005e-33, 1.2057373714333076e-16, 1.272163670107248e-22, 4.380595968836483e-29], "Maria": [5.516142065282858e-22, 2.3029092065280515e-16, 2.0132975148134946e-12, 1.1513378141495e-12, 8.946079816913463e-20, 1.508528003034415e-13, 1.5217922755272895e-10, 9.405743912793696e-05, 2.4829110028269633e-27, 3.643201869742499e-14, 0.015699977055191994, 2.499825624280305e-10, 3.839638713635825e-21, 1.1273670417879356e-19, 4.771686323846461e-17, 0.984205961227417], "Nadia": [5.27588281222513e-13, 1.4483444311622187e-25, 1.687567563616384e-16, 5.932705860098384e-28, 1.1425718481555087e-15, 3.7359971759153e-25, 1.1865989499180083e-26, 3.350794312004436e-16, 1.900826918368654e-21, 8.616908979014697e-19, 1.7897304573159914e-16, 1.0, 1.5077157153571443e-36, 6.279741467032302e-17, 1.0038064114598312e-23, 4.1503643387709954e-35], "Susana": [3.072507961727318e-29, 6.751611010525364e-25, 2.3179719357179105e-26, 8.257703548730788e-12, 4.109666977616024e-29, 5.528333411003215e-19, 7.373763058482474e-12, 1.0435920634296403e-20, 3.3037751992907047e-20, 2.238059591168698e-14, 2.0491931511193336e-21, 3.3802696027310073e-17, 1.0, 8.365405489249773e-20, 2.9125196243627995e-24, 4.745560295150972e-29], "Veronica": [7.233994219618678e-13, 6.192940362864099e-15, 4.0069138105133264e-19, 1.1289417116056477e-15, 9.720139291710932e-16, 1.492778025474294e-22, 1.9709335210985404e-14, 8.670197399656202e-14, 4.962289052534523e-16, 2.0702242004011495e-12, 3.1021809199140854e-14, 5.131598701524354e-09, 2.460637858614235e-16, 1.0, 4.636087029547117e-15, 7.578624310610775e-26]}